{"OpenedDocuments":"[\"Main.xaml\"]","ProjectBreakpoints":"{\"Value\":{\"GetTransactionData_FromAcme.xaml\":[{\"ConditionalExpression\":null,\"ActionExpression\":null,\"ExpectedHitCounter\":null,\"ShouldContinueAfterAction\":false,\"IsTransient\":false,\"IsEnabled\":true,\"Id\":\"e801f5c6-2eb6-49b8-a680-aec2ff24eb9f\",\"ActivityIdRef\":\"Assign_2\",\"ActivityId\":\"1.9\",\"ActivityName\":\"Assign\"}],\"Main.xaml\":[{\"ConditionalExpression\":null,\"ActionExpression\":null,\"ExpectedHitCounter\":null,\"ShouldContinueAfterAction\":false,\"IsTransient\":false,\"IsEnabled\":true,\"Id\":\"57b03c2e-e88a-4025-a050-24fc83718a91\",\"ActivityIdRef\":\"If_11\",\"ActivityId\":\"1.231\",\"ActivityName\":\"Should Stop or Get Next\"}]}}","ProjectWatches":"{\"Value\":[]}"}